กระดาษ,วัสดุสำนักงาน,19,2022/11/30 10:15:23
ดินสอ,วัสดุสำนักงาน,20,2022/12/04 16:45:38
ไม้บรรทัด,วัสดุสำนักงาน,14,2022/12/09 07:33:12
เข็มหมุด,วัสดุสำนักงาน,10,2022/12/25 08:00:57
ยางลบ,วัสดุสำนักงาน,10,2022/11/22 14:30:12
สมุดบัญชี,วัสดุสำนักงาน,12,2022/12/30 09:12:48
ตรายาง,วัสดุสำนักงาน,10,2022/12/18 20:05:31
ลวดเย็บกระดาษ,วัสดุสำนักงาน,19,2022/11/20 12:50:44
แฟ้ม,วัสดุสำนักงาน,10,2023/02/01 15:20:07
เทปผ้า,วัสดุสำนักงาน,10,2022/11/27 13:45:21
แปรง,วัสดุงานบ้านงานครัว,15,2022/12/23 09:23:37
ไม้กวาด,วัสดุงานบ้านงานครัว,15,2022/11/15 14:10:13
หมอน,วัสดุงานบ้านงานครัว,15,2023/03/02 21:25:40
ผ้าปูโต้ะ,วัสดุงานบ้านงานครัว,15,2023/03/15 08:30:10
หม้อ,วัสดุงานบ้านงานครัว,15,2023/03/10 17:56:08
กะละมัง,วัสดุงานบ้านงานครัว,15,2023/03/12 18:12:32
ไม้ถูพื้น,วัสดุงานบ้านงานครัว,15,2023/03/13 11:20:11
ที่ตักขยะ,วัสดุงานบ้านงานครัว,15,2023/03/16 13:54:05
กระติกน้ำแข็ง,วัสดุงานบ้านงานครัว,15,2023/03/14 16:44:55
ผ้าเช็ดเท้า,วัสดุงานบ้านงานครัว,15,2022/12/05 14:30:10
แผ่นกรองแสง,วัสดุคอมพิวเตอร์,7,2023/01/21 09:45:22
สายเคเบิล,วัสดุคอมพิวเตอร์,7,2022/11/22 18:13:36
เมนบอร์ด,วัสดุคอมพิวเตอร์,7,2023/01/03 11:27:51
แผ่นซีดี,วัสดุคอมพิวเตอร์,7,2022/12/20 08:08:05
เมาส์,วัสดุคอมพิวเตอร์,7,2022/12/08 17:59:28
RAM,วัสดุคอมพิวเตอร์,7,2022/11/28 12:42:16
ผงหมึกเลเซอร์,วัสดุคอมพิวเตอร์,7,2023/02/15 21:37:49
ฮาร์ดดิส,วัสดุคอมพิวเตอร์,7,2022/12/30 16:24:53
คีย์บอร์ด,วัสดุคอมพิวเตอร์,7,2022/12/11 05:55:39
USB,วัสดุคอมพิวเตอร์,7,2023/03/08 14:17:22
sadas,sadasd,10,2023/03/15 18:25:36
เทปผ้า,วัสดุงานบ้าน,10,2023/03/08 11:47:59
กบเหลา,วัสดุสำนักงาน,10,2022/11/25 20:10:33
USB,วัสดุคอมพิวเตอร์,10,2023/02/12 08:45:21
SSD,วัสดุคอมพิวเตอร์,10,2022/12/23 14:37:19
ยางลบ,วัสดุสำนักงาน,5,2022/12/03 22:19:52
กระติกน้ำแข็ง,วัสดุงานบ้านงานครัว,552,2023/01/16 09:02:10
กระดาษ,วัสดุสำนักงาน,11,2023/02/28 21:39:48
กระดาษ,วัสดุสำนักงาน,12,2022/12/17 13:17:55
กระดาษ,วัสดุสำนักงาน,13,2023/01/03 08:30:46
กระดาษ,วัสดุสำนักงาน,14,2022/12/28 00:42:17
ดินสอ,วัสดุสำนักงาน,15,2023/02/13 07:57:51
ดินสอ,วัสดุสำนักงาน,14,2022/12/31 09:47:22
ดินสอ,วัสดุสำนักงาน,13,2022/11/16 16:19:12
ดินสอ,วัสดุสำนักงาน,12,2023/01/10 18:53:11
ไม้บรรทัด,วัสดุสำนักงาน,12,2022/12/05 03:24:16
ไม้บรรทัด,วัสดุสำนักงาน,15,2023/01/22 19:28:37
ไม้บรรทัด,วัสดุสำนักงาน,16,2022/11/25 16:15:09
ไม้บรรทัด,วัสดุสำนักงาน,16,2023/03/13 02:50:55
เข็มหมุด,วัสดุสำนักงาน,12,12/12/2022 15:30:00
เข็มหมุด,วัสดุสำนักงาน,16,01/01/2023 08:45:00
เข็มหมุด,วัสดุสำนักงาน,34,02/02/2023 14:20:00
ยางลบ,วัสดุสำนักงาน,12,03/03/2023 10:10:00
ยางลบ,วัสดุสำนักงาน,2,05/03/2023 13:25:00
ยางลบ,วัสดุสำนักงาน,3,07/03/2023 16:40:00
ยางลบ,วัสดุสำนักงาน,34,11/03/2023 11:15:00
สมุดบัญชี,วัสดุสำนักงาน,12,12/10/2022 09:00:00
สมุดบัญชี,วัสดุสำนักงาน,12,19/10/2022 11:30:00
สมุดบัญชี,วัสดุสำนักงาน,23,22/11/2022 14:45:00
สมุดบัญชี,วัสดุสำนักงาน,43,01/12/2022 17:30:00
ตรายาง,วัสดุสำนักงาน,34,05/01/2023 09:55:00
ตรายาง,วัสดุสำนักงาน,34,08/02/2023 11:10:00
ตรายาง,วัสดุสำนักงาน,5,10/02/2023 13:25:00
ตรายาง,วัสดุสำนักงาน,6,15/02/2023 15:40:00
ตรายาง,วัสดุสำนักงาน,7,17/03/2023 09:00:00
สมุดบัญชี,วัสดุสำนักงาน,5,12/11/2022 13:23:08
กระดาษ,วัสดุสำนักงาน,12,15/11/2022 09:45:14
ดินสอ,วัสดุสำนักงาน,12,17/11/2022 11:02:17
ไม้บรรทัด,วัสดุสำนักงาน,12,20/11/2022 14:33:19
เข็มหมุด,วัสดุสำนักงาน,34,22/11/2022 16:44:22
เข็มหมุด,วัสดุสำนักงาน,12,25/11/2022 10:15:23
ลวดเย็บกระดาษ,วัสดุสำนักงาน,6,28/11/2022 13:45:32
ลวดเย็บกระดาษ,วัสดุสำนักงาน,7,02/12/2022 09:00:33
ลวดเย็บกระดาษ,วัสดุสำนักงาน,8,06/12/2022 14:30:34
ลวดเย็บกระดาษ,วัสดุสำนักงาน,9,10/12/2022 16:22:34
ลวดเย็บกระดาษ,วัสดุสำนักงาน,6,14/12/2022 09:55:36
ลวดเย็บกระดาษ,วัสดุสำนักงาน,5,18/12/2022 12:35:37
แฟ้ม,วัสดุสำนักงาน,3,21/12/2022 15:45:40
แฟ้ม,วัสดุสำนักงาน,4,24/12/2022 11:00:41
แฟ้ม,วัสดุสำนักงาน,5,27/12/2022 13:20:42
แฟ้ม,วัสดุสำนักงาน,6,30/12/2022 16:05:43
แฟ้ม,วัสดุสำนักงาน,7,03/01/2023 10:55:44
แฟ้ม,วัสดุสำนักงาน,8,06/01/2023 14:35:45
แฟ้ม,วัสดุสำนักงาน,12,09/01/2023 09:20:51
เทปผ้า,วัสดุสำนักงาน,12,12/01/2023 12:15:53
เทปผ้า,วัสดุสำนักงาน,24,11/10/2022 14:30:20
เทปผ้า,วัสดุสำนักงาน,5,12/10/2022 09:15:05
เทปผ้า,วัสดุสำนักงาน,6,13/10/2022 16:45:50
เทปผ้า,วัสดุสำนักงาน,7,14/10/2022 11:20:30
แปรง,วัสดุงานบ้านงานครัว,14,15/10/2022 08:55:15
แปรง,วัสดุงานบ้านงานครัว,15,16/10/2022 12:10:40
แปรง,วัสดุงานบ้านงานครัว,16,17/10/2022 17:25:00
แปรง,วัสดุงานบ้านงานครัว,1,18/10/2022 10:35:45
แปรง,วัสดุงานบ้านงานครัว,5,19/10/2022 14:40:20
แปรง,วัสดุงานบ้านงานครัว,6,20/10/2022 16:30:10
ไม้กวาด,วัสดุงานบ้านงานครัว,15,21/10/2022 09:45:35
ไม้กวาด,วัสดุงานบ้านงานครัว,15,22/10/2022 15:10:00
ไม้กวาด,วัสดุงานบ้านงานครัว,15,23/10/2022 08:20:45
ไม้กวาด,วัสดุงานบ้านงานครัว,15,24/10/2022 12:30:30
หมอน,วัสดุงานบ้านงานครัว,5,25/10/2022 13:40:15
หมอน,วัสดุงานบ้านงานครัว,5,26/10/2022 16:50:00
หมอน,วัสดุงานบ้านงานครัว,5,27/10/2022 09:15:20
หมอน,วัสดุงานบ้านงานครัว,5,28/10/2022 14:25:45
หมอน,วัสดุงานบ้านงานครัว,5,29/10/2022 10:00:10
หมอน,วัสดุงานบ้านงานครัว,5,13/02/2023 14:22:41
ผ้าปูโต้ะ,วัสดุงานบ้านงานครัว,5,11/12/2022 15:23:12
ผ้าปูโต้ะ,วัสดุงานบ้านงานครัว,6,28/12/2022 09:17:56
ผ้าปูโต้ะ,วัสดุงานบ้านงานครัว,7,06/01/2023 21:42:32
ผ้าปูโต้ะ,วัสดุงานบ้านงานครัว,5,19/02/2023 08:13:44
ผ้าปูโต้ะ,วัสดุงานบ้านงานครัว,8,02/03/2023 17:56:21
ผ้าปูโต้ะ,วัสดุงานบ้านงานครัว,5,11/03/2023 10:23:05
หม้อ,วัสดุงานบ้านงานครัว,5,16/11/2022 14:27:49
หม้อ,วัสดุงานบ้านงานครัว,6,23/11/2022 11:36:27
หม้อ,วัสดุงานบ้านงานครัว,8,06/12/2022 09:49:53
หม้อ,วัสดุงานบ้านงานครัว,9,21/12/2022 18:59:15
หม้อ,วัสดุงานบ้านงานครัว,7,08/02/2023 13:55:39
กะละมัง,วัสดุงานบ้านงานครัว,5,15/12/2022 08:15:00
กะละมัง,วัสดุงานบ้านงานครัว,6,17/02/2023 14:23:01
กะละมัง,วัสดุงานบ้านงานครัว,9,11/11/2022 20:59:03
กะละมัง,วัสดุงานบ้านงานครัว,7,12/01/2023 07:45:04
กะละมัง,วัสดุงานบ้านงานครัว,8,22/02/2023 13:02:05
กะละมัง,วัสดุงานบ้านงานครัว,2,27/11/2022 11:30:06
ผัาเช็ดเท้า,วัสดุงานบ้านงานครัว,5,19/02/2023 22:17:24
ผัาเช็ดเท้า,วัสดุงานบ้านงานครัว,5,12/03/2023 19:30:25
ผัาเช็ดเท้า,วัสดุงานบ้านงานครัว,6,25/12/2022 16:43:25
ผัาเช็ดเท้า,วัสดุงานบ้านงานครัว,8,01/01/2023 02:59:26
ผัาเช็ดเท้า,วัสดุงานบ้านงานครัว,7,10/03/2023 14:21:28
ผัาเช็ดเท้า,วัสดุงานบ้านงานครัว,5,15/01/2023 09:47:31
แผ่นกรองแสง,วัสดุคอมพิวเตอร์,3,15/01/2023 14:32:12
แผ่นกรองแสง,วัสดุคอมพิวเตอร์,6,26/02/2023 09:17:55
แผ่นกรองแสง,วัสดุคอมพิวเตอร์,5,10/12/2022 17:49:23
แผ่นกรองแสง,วัสดุคอมพิวเตอร์,4,22/02/2023 08:05:37
แผ่นกรองแสง,วัสดุคอมพิวเตอร์,8,17/11/2022 15:22:09
สายเคเบิล,วัสดุคอมพิวเตอร์,5,01/03/2023 13:48:50
สายเคเบิล,วัสดุคอมพิวเตอร์,6,11/12/2022 18:36:22
สายเคเบิล,วัสดุคอมพิวเตอร์,7,21/01/2023 22:02:01
สายเคเบิล,วัสดุคอมพิวเตอร์,2,03/02/2023 06:28:13
สายเคเบิล,วัสดุคอมพิวเตอร์,3,25/12/2022 10:14:33
สายเคเบิล,วัสดุคอมพิวเตอร์,6,13/01/2023 16:59:45
เมนบอร์ด,วัสดุคอมพิวเตอร์,5,15/12/2022 08:23:17
เมนบอร์ด,วัสดุคอมพิวเตอร์,9,02/01/2023 16:55:42
เมนบอร์ด,วัสดุคอมพิวเตอร์,5,23/02/2023 12:10:35
เมนบอร์ด,วัสดุคอมพิวเตอร์,4,09/03/2023 19:27:59
เมนบอร์ด,วัสดุคอมพิวเตอร์,8,16/11/2022 05:14:21
แผ่นซีดี,วัสดุคอมพิวเตอร์,5,08/02/2023 14:36:10
แผ่นซีดี,วัสดุคอมพิวเตอร์,6,22/12/2022 09:43:27
แผ่นซีดี,วัสดุคอมพิวเตอร์,8,28/02/2023 18:52:16
แผ่นซีดี,วัสดุคอมพิวเตอร์,4,11/10/2022 23:59:59
แผ่นซีดี,วัสดุคอมพิวเตอร์,10,17/03/2023 07:30:45
แผ่นซีดี,วัสดุคอมพิวเตอร์,12,15/01/2023 13:01:22
เมาส์,วัสดุคอมพิวเตอร์,12,17/03/2023 09:58:06
เมาส์,วัสดุคอมพิวเตอร์,12,16/12/2022 07:23:15
เมาส์,วัสดุคอมพิวเตอร์,12,02/02/2023 14:08:08
เมาส์,วัสดุคอมพิวเตอร์,12,27/11/2022 21:42:12
เมาส์,วัสดุคอมพิวเตอร์,12,14/12/2022 10:33:03
เมาส์,วัสดุคอมพิวเตอร์,5,15/11/2022 09:51:21
RAM,วัสดุคอมพิวเตอร์,58,30/11/2022 03:18:32
RAM,วัสดุคอมพิวเตอร์,8,21/02/2023 17:59:48
RAM,วัสดุคอมพิวเตอร์,6,09/12/2022 08:26:01
RAM,วัสดุคอมพิวเตอร์,7,05/01/2023 14:48:37
RAM,วัสดุคอมพิวเตอร์,8,17/10/2022 22:57:57
RAM,วัสดุคอมพิวเตอร์,9,28/12/2022 13:08:21
RAM,วัสดุคอมพิวเตอร์,1,02/02/2023 02:59:14
ฮาร์ดดิส,วัสดุคอมพิวเตอร์,11,26/01/2023 19:47:11
ฮาร์ดดิส,วัสดุคอมพิวเตอร์,12,14/11/2022 12:36:42
ฮาร์ดดิส,วัสดุคอมพิวเตอร์,12,23/01/2023 08:57:15
ฮาร์ดดิส,วัสดุคอมพิวเตอร์,13,08/02/2023 23:34:29
ฮาร์ดดิส,วัสดุคอมพิวเตอร์,14,21/12/2022 16:21:49
คีย์บอร์ด,วัสดุคอมพิวเตอร์,15,20/01/2023 06:38:20
คีย์บอร์ด,วัสดุคอมพิวเตอร์,16,07/03/2023 09:51:33
คีย์บอร์ด,วัสดุคอมพิวเตอร์,5,05/02/2023 14:10:28
คีย์บอร์ด,วัสดุคอมพิวเตอร์,6,12/11/2022 16:35:22
คีย์บอร์ด,วัสดุคอมพิวเตอร์,7,18/01/2023 09:02:43
USB,วัสดุคอมพิวเตอร์,15,08/12/2022 13:27:11
USB,วัสดุคอมพิวเตอร์,5,28/02/2023 19:50:35
USB,วัสดุคอมพิวเตอร์,6,26/12/2022 08:15:48
USB,วัสดุคอมพิวเตอร์,4,22/02/2023 11:10:09
USB,วัสดุคอมพิวเตอร์,7,17/11/2022 14:42:20
sadas,sadasd,11,15/01/2023 21:06:12
sadas,sadasd,16,27/02/2023 08:58:07
sadas,sadasd,6,04/01/2023 17:39:01
sadas,sadasd,8,28/02/2023 07:13:45
sadas,sadasd,4,15/12/2022 22:51:55
sadas,sadasd,1,12/11/2022 18:23:33
เทปผ้า,วัสดุงานบ้าน,15,17/02/2023 09:44:21
เทปผ้า,วัสดุงานบ้าน,15,11/10/2022 23:58:44
เทปผ้า,วัสดุงานบ้าน,5,17/03/2023 06:49:12
กบเหลา,วัสดุสำนักงาน,15,13/01/2023 09:59:12
กบเหลา,วัสดุสำนักงาน,5,15/01/2023 09:59:13
กบเหลา,วัสดุสำนักงาน,5,16/01/2023 09:59:13
กบเหลา,วัสดุสำนักงาน,5,18/01/2023 09:59:14
กบเหลา,วัสดุสำนักงาน,5,20/01/2023 09:59:15
กบเหลา,วัสดุสำนักงาน,5,21/01/2023 09:59:15
SSD,วัสดุคอมพิวเตอร์,5,23/01/2023 09:59:18
SSD,วัสดุคอมพิวเตอร์,5,24/01/2023 09:59:19
SSD,วัสดุคอมพิวเตอร์,5,26/01/2023 09:59:19
SSD,วัสดุคอมพิวเตอร์,5,27/01/2023 09:59:21
SSD,วัสดุคอมพิวเตอร์,5,29/01/2023 09:59:22
SSD,วัสดุคอมพิวเตอร์,5,31/01/2023 09:59:23
ไม้ถูพื้น,วัสดุงานบ้านงานครัว,52,11/02/2023 10:00:44
ผงหมึกเลเซอร์,วัสดุคอมพิวเตอร์,5,14/02/2023 10:01:29
ผงหมึกเลเซอร์,วัสดุคอมพิวเตอร์,5,16/02/2023 10:01:31
ผงหมึกเลเซอร์,วัสดุคอมพิวเตอร์,5,17/02/2023 10:01:31
ผงหมึกเลเซอร์,วัสดุคอมพิวเตอร์,5,18/02/2023 10:01:32
ผงหมึกเลเซอร์,วัสดุคอมพิวเตอร์,5,20/02/2023 10:01:33
ผงหมึกเลเซอร์,วัสดุคอมพิวเตอร์,5,22/02/2023 10:01:34
กระติกน้ำแข็ง,วัสดุงานบ้านงานครัว,5,11/12/2022 08:45:21
กระติกน้ำแข็ง,วัสดุงานบ้านงานครัว,5,12/12/2022 13:23:54
กระติกน้ำแข็ง,วัสดุงานบ้านงานครัว,5,16/12/2022 21:57:08
กระติกน้ำแข็ง,วัสดุงานบ้านงานครัว,5,17/12/2022 10:09:12
กระติกน้ำแข็ง,วัสดุงานบ้านงานครัว,5,19/12/2022 19:36:57
กะละมัง,วัสดุงานบ้านงานครัว,5,24/12/2022 06:20:03
กะละมัง,วัสดุงานบ้านงานครัว,5,26/12/2022 12:50:44
กะละมัง,วัสดุงานบ้านงานครัว,5,28/12/2022 15:33:18
ไม้ถูพื้น,วัสดุงานบ้านงานครัว,5,01/01/2023 08:01:22
ไม้ถูพื้น,วัสดุงานบ้านงานครัว,5,05/01/2023 11:45:07
ไม้ถูพื้น,วัสดุงานบ้านงานครัว,5,07/01/2023 18:24:09
ไม้ถูพื้น,วัสดุงานบ้านงานครัว,5,08/01/2023 07:09:15
ที่ตักขยะ,วัสดุงานบ้านงานครัว,5,11/01/2023 16:54:32
ที่ตักขยะ,วัสดุงานบ้านงานครัว,5,15/01/2023 23:06:11
ที่ตักขยะ,วัสดุงานบ้านงานครัว,5,16/01/2023 06:12:46
ที่ตักขยะ,วัสดุงานบ้านงานครัว,5,19/01/2023 12:32:55
ที่ตักขยะ,วัสดุงานบ้านงานครัว,5,21/01/2023 18:11:21
ที่ตักขยะ,วัสดุงานบ้านงานครัว,5,14/02/2023 10:02:07
A5,วัสดุสำนักงาน,5,17/03/2023 16:01:30
A5,วัสดุสำนักงาน,5,17/03/2023 16:01:39
A5,วัสดุสำนักงาน,5,17/03/2023 16:01:40
A5,วัสดุสำนักงาน,5,17/03/2023 16:01:41
A5,วัสดุสำนักงาน,5,17/03/2023 16:01:42
A5,วัสดุสำนักงาน,3,17/03/2023 16:02:04
