ผงหมึกเลเซอร์,วัสดุคอมพิวเตอร์,2,Tancyk,23/01/2023 06:33:36
สมุดบัญชี,วัสดุสำนักงาน,13,Premntn,07/03/2023 16:36:45
ลวดเย็บกระดาษ,วัสดุสำนักงาน,200,Aomtrd,28/12/2022 18:21:38
ไม้บรรทัด,วัสดุสำนักงาน,18,Aomtrd,28/12/2022 18:22:00
เข็มหมุด,วัสดุสำนักงาน,10,Radanataya,25/02/2023 18:24:53
กระดาษ,วัสดุสำนักงาน,5,Kwanpraew,12/03/2023 09:49:33
เข็มหมุด,วัสดุสำนักงาน,5,Kwanpraew,12/03/2023 09:53:17
ดินสอ,วัสดุสำนักงาน,12,Kwanpraew,12/03/2023 09:53:26
ลวดเย็บกระดาษ,วัสดุสำนักงาน,12,Kwanpraew,12/03/2023 09:53:28
แฟ้ม,วัสดุสำนักงาน,12,Kwanpraew,12/03/2023 09:53:32
หมอน,วัสดุงานบ้านงานครัว,12,Kwanpraew,12/03/2023 09:53:33
หม้อ,วัสดุงานบ้านงานครัว,12,Kwanpraew,12/03/2023 09:53:35
กระติกน้ำแข็ง,วัสดุงานบ้านงานครัว,12,Kwanpraew,12/03/2023 09:53:37
ผงหมึกเลเซอร์,วัสดุคอมพิวเตอร์,12,Kwanpraew,12/03/2023 09:53:45
กระติกน้ำแข็ง,วัสดุงานบ้านงานครัว,300,Tytypeepee,14/03/2023 09:57:20
เข็มหมุด,วัสดุสำนักงาน,20,Tytypeepee,14/03/2023 09:59:32
สมุดบัญชี,วัสดุสำนักงาน,20,Tytypeepee,14/03/2023 09:59:33
เทปผ้า,วัสดุสำนักงาน,20,Tytypeepee,14/03/2023 09:59:34
ไม้กวาด,วัสดุงานบ้านงานครัว,11,Tytypeepee,14/03/2023 09:59:38
ผ้าปูโต้ะ,วัสดุงานบ้านงานครัว,11,Tytypeepee,14/03/2023 09:59:39
ไม้ถูพื้น,วัสดุงานบ้านงานครัว,11,Tytypeepee,14/03/2023 09:59:40
ผัาเช็ดเท้า,วัสดุงานบ้านงานครัว,11,Tytypeepee,14/03/2023 09:59:41
กระติกน้ำแข็ง,วัสดุงานบ้านงานครัว,11,Tytypeepee,14/03/2023 09:59:43
คีย์บอร์ด,วัสดุคอมพิวเตอร์,11,Tytypeepee,14/03/2023 09:59:44
sadas,sadasd,11,Tytypeepee,14/03/2023 09:59:45
SSD,วัสดุคอมพิวเตอร์,11,Tytypeepee,14/03/2023 09:59:47
ผงหมึกเลเซอร์,วัสดุคอมพิวเตอร์,11,Tytypeepee,14/03/2023 09:59:48
หมอน,วัสดุงานบ้านงานครัว,9,Aucnw,13/01/2023 09:59:57
กระติกน้ำแข็ง,วัสดุงานบ้านงานครัว,8,Aucnw,13/01/2023 09:59:59
กระติกน้ำแข็ง,วัสดุงานบ้านงานครัว,7,Aucnw,13/01/2023 10:00:01
สายเคเบิล,วัสดุคอมพิวเตอร์,6,Aucnw,13/01/2023 10:00:03
ผงหมึกเลเซอร์,วัสดุคอมพิวเตอร์,5,Aucnw,13/01/2023 10:00:06
คีย์บอร์ด,วัสดุคอมพิวเตอร์,7,Aucnw,13/01/2023 10:00:09
สายเคเบิล,วัสดุคอมพิวเตอร์,2,Aucnw,13/01/2023 10:00:11
กบเหลา,วัสดุสำนักงาน,10,Aucnw,13/01/2023 10:00:14
USB,วัสดุคอมพิวเตอร์,10,Premntn,07/03/2023 10:00:20
ฮาร์ดดิส,วัสดุคอมพิวเตอร์,10,Premntn,07/03/2023 10:00:22
RAM,วัสดุคอมพิวเตอร์,10,Premntn,07/03/2023 10:00:24
เมาส์,วัสดุคอมพิวเตอร์,10,Premntn,07/03/2023 10:00:26
แผ่นซีดี,วัสดุคอมพิวเตอร์,10,Premntn,07/03/2023 10:00:27
เมนบอร์ด,วัสดุคอมพิวเตอร์,10,Premntn,07/03/2023 10:00:29
แผ่นกรองแสง,วัสดุคอมพิวเตอร์,10,Tancyk,23/01/2023 10:00:36
ที่ตักขยะ,วัสดุงานบ้านงานครัว,10,Tancyk,23/01/2023 10:00:40
ผงหมึกเลเซอร์,วัสดุคอมพิวเตอร์,10,Tancyk,23/01/2023 10:01:35
เมาส์,วัสดุคอมพิวเตอร์,10,Tancyk,23/01/2023 10:02:25
แผ่นซีดี,วัสดุคอมพิวเตอร์,10,Tancyk,23/01/2023 10:02:27
เมนบอร์ด,วัสดุคอมพิวเตอร์,10,Tancyk,23/01/2023 10:02:28
สายเคเบิล,วัสดุคอมพิวเตอร์,10,Tancyk,23/01/2023 10:02:30
ผัาเช็ดเท้า,วัสดุงานบ้านงานครัว,10,Tancyk,23/01/2023 10:02:31
ที่ตักขยะ,วัสดุงานบ้านงานครัว,10,Tancyk,23/01/2023 10:02:33
หม้อ,วัสดุงานบ้านงานครัว,10,Tancyk,23/01/2023 10:02:35
เข็มหมุด,วัสดุสำนักงาน,10,Tatnbg,01/03/2023 10:02:38
ตรายาง,วัสดุสำนักงาน,10,Tatnbg,01/03/2023 10:02:40
ลวดเย็บกระดาษ,วัสดุสำนักงาน,10,Tatnbg,01/03/2023 10:02:41
ไม้บรรทัด,วัสดุสำนักงาน,10,Tatnbg,01/03/2023 10:02:42
กระดาษ,วัสดุสำนักงาน,10,Tatnbg,01/03/2023 10:02:43
แปรง,วัสดุงานบ้านงานครัว,10,Tatnbg,01/03/2023 10:02:45
ผ้าปูโต้ะ,วัสดุงานบ้านงานครัว,10,Tatnbg,01/03/2023 10:02:46
แปรง,วัสดุงานบ้านงานครัว,10,Radanataya,25/02/2023 10:02:48
กะละมัง,วัสดุงานบ้านงานครัว,10,Radanataya,25/02/2023 10:02:50
ไม้ถูพื้น,วัสดุงานบ้านงานครัว,10,Radanataya,25/02/2023 10:02:51
ผ้าปูโต้ะ,วัสดุงานบ้านงานครัว,10,Radanataya,25/02/2023 10:02:53
หมอน,วัสดุงานบ้านงานครัว,10,Radanataya,25/02/2023 10:02:54
สายเคเบิล,วัสดุคอมพิวเตอร์,10,Radanataya,25/02/2023 10:02:56
ฮาร์ดดิส,วัสดุคอมพิวเตอร์,10,Earthprp,17/03/2023 10:02:59
ผงหมึกเลเซอร์,วัสดุคอมพิวเตอร์,10,Earthprp,17/03/2023 10:03:00
sadas,sadasd,10,Earthprp,11/12/2022 10:03:01
SSD,วัสดุคอมพิวเตอร์,10,Earthprp,11/12/2022 10:03:03
กบเหลา,วัสดุสำนักงาน,10,Earthprp,11/12/2022 10:03:05
เทปผ้า,วัสดุงานบ้าน,10,Earthprp,11/12/2022 10:03:06
sadas,sadasd,10,Earthprp,11/12/2022 10:03:08
USB,วัสดุคอมพิวเตอร์,10,Earthprp,11/12/2022 10:03:11
ฮาร์ดดิส,วัสดุคอมพิวเตอร์,10,Aomtrd,28/12/2022 10:03:16
เมาส์,วัสดุคอมพิวเตอร์,10,Aomtrd,28/12/2022 10:03:18
แผ่นซีดี,วัสดุคอมพิวเตอร์,10,Aomtrd,28/12/2022 10:03:20
ผัาเช็ดเท้า,วัสดุงานบ้านงานครัว,10,Aomtrd,28/12/2022 10:03:21
กระติกน้ำแข็ง,วัสดุงานบ้านงานครัว,10,Aomtrd,28/12/2022 10:03:23
ไม้ถูพื้น,วัสดุงานบ้านงานครัว,10,Aomtrd,28/12/2022 10:03:25
ไม้ถูพื้น,วัสดุงานบ้านงานครัว,10,Aomtrd,28/12/2022 10:03:26
แผ่นซีดี,วัสดุคอมพิวเตอร์,10,Neuwnnp,10/02/2023 10:03:29
ไม้ถูพื้น,วัสดุงานบ้านงานครัว,10,Neuwnnp,10/02/2023 10:03:31
หมอน,วัสดุงานบ้านงานครัว,10,Neuwnnp,10/02/2023 10:03:33
ไม้กวาด,วัสดุงานบ้านงานครัว,10,Neuwnnp,10/02/2023 10:03:34
แฟ้ม,วัสดุสำนักงาน,10,Neuwnnp,10/02/2023 10:03:35
สมุดบัญชี,วัสดุสำนักงาน,10,Neuwnnp,10/02/2023 10:03:37
ดินสอ,วัสดุสำนักงาน,5,Neuwnnp,10/02/2023 10:03:44
A5,วัสดุสำนักงาน,20,Aucnw,17/03/2023 16:01:57
A5,วัสดุสำนักงาน,5,Aucnw,17/03/2023 16:02:01
